plan_no	subject_plan	plan_description	section	note_title	note_subject	domain_context	applicable_programs	status
1	🩺 Foundations, Professional Nursing Practice, and Clinical Judgment	Build the cross-cutting nursing competencies used throughout the PNLE: nursing process, assessment, safe and quality care, communication, documentation, legal-ethical practice, evidence-based care, leadership, prioritization, delegation, and clinical judgment.	Nursing Process, Assessment, and Care Planning	The Nursing Process and ADPIE Method	Nursing	NURSING	Nursing	Existing
1	🩺 Foundations, Professional Nursing Practice, and Clinical Judgment	Build the cross-cutting nursing competencies used throughout the PNLE: nursing process, assessment, safe and quality care, communication, documentation, legal-ethical practice, evidence-based care, leadership, prioritization, delegation, and clinical judgment.	Nursing Process, Assessment, and Care Planning	Comprehensive Vital Signs Assessment in Nursing	Fundamentals of Nursing	NURSING	Nursing	Existing
1	🩺 Foundations, Professional Nursing Practice, and Clinical Judgment	Build the cross-cutting nursing competencies used throughout the PNLE: nursing process, assessment, safe and quality care, communication, documentation, legal-ethical practice, evidence-based care, leadership, prioritization, delegation, and clinical judgment.	Nursing Process, Assessment, and Care Planning	Diabetes Mellitus Overview	Nursing	NURSING	Nursing	Existing
1	🩺 Foundations, Professional Nursing Practice, and Clinical Judgment	Build the cross-cutting nursing competencies used throughout the PNLE: nursing process, assessment, safe and quality care, communication, documentation, legal-ethical practice, evidence-based care, leadership, prioritization, delegation, and clinical judgment.	Nursing Process, Assessment, and Care Planning	Cultural Competence in Nursing	Fundamentals of Nursing	NURSING	Nursing	Reuse
1	🩺 Foundations, Professional Nursing Practice, and Clinical Judgment	Build the cross-cutting nursing competencies used throughout the PNLE: nursing process, assessment, safe and quality care, communication, documentation, legal-ethical practice, evidence-based care, leadership, prioritization, delegation, and clinical judgment.	Nursing Process, Assessment, and Care Planning	Fundamentals of Health Assessment in Nursing Practice	Fundamentals of Nursing	NURSING	Nursing	Reuse
1	🩺 Foundations, Professional Nursing Practice, and Clinical Judgment	Build the cross-cutting nursing competencies used throughout the PNLE: nursing process, assessment, safe and quality care, communication, documentation, legal-ethical practice, evidence-based care, leadership, prioritization, delegation, and clinical judgment.	Nursing Process, Assessment, and Care Planning	How Breastmilk Supports Infant Immunity and Development	Nursing	NURSING	Nursing	Reuse
1	🩺 Foundations, Professional Nursing Practice, and Clinical Judgment	Build the cross-cutting nursing competencies used throughout the PNLE: nursing process, assessment, safe and quality care, communication, documentation, legal-ethical practice, evidence-based care, leadership, prioritization, delegation, and clinical judgment.	Nursing Process, Assessment, and Care Planning	Passive Immunity via Breastmilk in Newborns	Nursing	NURSING	Nursing	Reuse
1	🩺 Foundations, Professional Nursing Practice, and Clinical Judgment	Build the cross-cutting nursing competencies used throughout the PNLE: nursing process, assessment, safe and quality care, communication, documentation, legal-ethical practice, evidence-based care, leadership, prioritization, delegation, and clinical judgment.	Nursing Process, Assessment, and Care Planning	Why do students forget what they studied?	Psychology	(unset)	Psychology	Excluded
1	🩺 Foundations, Professional Nursing Practice, and Clinical Judgment	Build the cross-cutting nursing competencies used throughout the PNLE: nursing process, assessment, safe and quality care, communication, documentation, legal-ethical practice, evidence-based care, leadership, prioritization, delegation, and clinical judgment.	Nursing Process, Assessment, and Care Planning	Fundamentals of Gait Analysis in Physical Therapy	Kinesiology	(unset)	Physical Therapy	Excluded
1	🩺 Foundations, Professional Nursing Practice, and Clinical Judgment	Build the cross-cutting nursing competencies used throughout the PNLE: nursing process, assessment, safe and quality care, communication, documentation, legal-ethical practice, evidence-based care, leadership, prioritization, delegation, and clinical judgment.	Nursing Process, Assessment, and Care Planning	Mechanisms of Muscle Contraction and Principles of Motor Control in Physical Therapy	Kinesiology	(unset)	Physical Therapy	Excluded
1	🩺 Foundations, Professional Nursing Practice, and Clinical Judgment	Build the cross-cutting nursing competencies used throughout the PNLE: nursing process, assessment, safe and quality care, communication, documentation, legal-ethical practice, evidence-based care, leadership, prioritization, delegation, and clinical judgment.	Nursing Process, Assessment, and Care Planning	Physiological Causes of Nausea and Lightheadedness Post-Exercise	Physical Therapy	(unset)	Physical Therapy	Excluded
1	🩺 Foundations, Professional Nursing Practice, and Clinical Judgment	Build the cross-cutting nursing competencies used throughout the PNLE: nursing process, assessment, safe and quality care, communication, documentation, legal-ethical practice, evidence-based care, leadership, prioritization, delegation, and clinical judgment.	Nursing Process, Assessment, and Care Planning	Common Sports Injuries and Rehabilitation Principles	Sports Rehabilitation	(unset)	Physical Therapy	Excluded
1	🩺 Foundations, Professional Nursing Practice, and Clinical Judgment	Build the cross-cutting nursing competencies used throughout the PNLE: nursing process, assessment, safe and quality care, communication, documentation, legal-ethical practice, evidence-based care, leadership, prioritization, delegation, and clinical judgment.	Nursing Process, Assessment, and Care Planning	Range of Motion and Joint Mobility	Therapeutic Exercise	(unset)	Physical Therapy	Excluded
1	🩺 Foundations, Professional Nursing Practice, and Clinical Judgment	Build the cross-cutting nursing competencies used throughout the PNLE: nursing process, assessment, safe and quality care, communication, documentation, legal-ethical practice, evidence-based care, leadership, prioritization, delegation, and clinical judgment.	Nursing Process, Assessment, and Care Planning	Coagulation and Flocculation Mechanisms in Water Treatment Engineering	Water Treatment	ENGINEERING_SCIENCES	Biology, Chemical Engineering, Chemistry, Civil Engineering, Environmental Engineering, Sanitary Engineering	Excluded
1	🩺 Foundations, Professional Nursing Practice, and Clinical Judgment	Build the cross-cutting nursing competencies used throughout the PNLE: nursing process, assessment, safe and quality care, communication, documentation, legal-ethical practice, evidence-based care, leadership, prioritization, delegation, and clinical judgment.	Nursing Process, Assessment, and Care Planning	Disinfection in Water Treatment: Principles and Methods	Water Treatment	ENGINEERING_SCIENCES	Biology, Chemical Engineering, Chemistry, Civil Engineering, Environmental Engineering, Sanitary Engineering	Excluded
1	🩺 Foundations, Professional Nursing Practice, and Clinical Judgment	Build the cross-cutting nursing competencies used throughout the PNLE: nursing process, assessment, safe and quality care, communication, documentation, legal-ethical practice, evidence-based care, leadership, prioritization, delegation, and clinical judgment.	Nursing Process, Assessment, and Care Planning	Filtration Processes in Water Treatment Engineering	Water Treatment	ENGINEERING_SCIENCES	Biology, Chemical Engineering, Chemistry, Civil Engineering, Environmental Engineering, Sanitary Engineering	Excluded
1	🩺 Foundations, Professional Nursing Practice, and Clinical Judgment	Build the cross-cutting nursing competencies used throughout the PNLE: nursing process, assessment, safe and quality care, communication, documentation, legal-ethical practice, evidence-based care, leadership, prioritization, delegation, and clinical judgment.	Nursing Process, Assessment, and Care Planning	Key Components of a Water Treatment Plant	Water Treatment	ENGINEERING_SCIENCES	Biology, Chemical Engineering, Chemistry, Civil Engineering, Environmental Engineering, Sanitary Engineering	Excluded
1	🩺 Foundations, Professional Nursing Practice, and Clinical Judgment	Build the cross-cutting nursing competencies used throughout the PNLE: nursing process, assessment, safe and quality care, communication, documentation, legal-ethical practice, evidence-based care, leadership, prioritization, delegation, and clinical judgment.	Nursing Process, Assessment, and Care Planning	Key Water Quality Parameters in Engineering Water Treatment	Water Treatment	ENGINEERING_SCIENCES	Biology, Chemical Engineering, Chemistry, Civil Engineering, Environmental Engineering, Sanitary Engineering	Excluded
1	🩺 Foundations, Professional Nursing Practice, and Clinical Judgment	Build the cross-cutting nursing competencies used throughout the PNLE: nursing process, assessment, safe and quality care, communication, documentation, legal-ethical practice, evidence-based care, leadership, prioritization, delegation, and clinical judgment.	Nursing Process, Assessment, and Care Planning	Sedimentation in Water Treatment Engineering	Water Treatment	ENGINEERING_SCIENCES	Biology, Chemical Engineering, Chemistry, Civil Engineering, Environmental Engineering, Sanitary Engineering	Excluded
1	🩺 Foundations, Professional Nursing Practice, and Clinical Judgment	Build the cross-cutting nursing competencies used throughout the PNLE: nursing process, assessment, safe and quality care, communication, documentation, legal-ethical practice, evidence-based care, leadership, prioritization, delegation, and clinical judgment.	Patient Safety, Infection Prevention, and Quality Improvement	Infection Control and Isolation Precautions in Nursing	Nursing	NURSING	Nursing	Existing
1	🩺 Foundations, Professional Nursing Practice, and Clinical Judgment	Build the cross-cutting nursing competencies used throughout the PNLE: nursing process, assessment, safe and quality care, communication, documentation, legal-ethical practice, evidence-based care, leadership, prioritization, delegation, and clinical judgment.	Patient Safety, Infection Prevention, and Quality Improvement	Patient Safety and Risk Reduction in Nursing Practice	Fundamentals of Nursing	NURSING	Nursing	Existing
1	🩺 Foundations, Professional Nursing Practice, and Clinical Judgment	Build the cross-cutting nursing competencies used throughout the PNLE: nursing process, assessment, safe and quality care, communication, documentation, legal-ethical practice, evidence-based care, leadership, prioritization, delegation, and clinical judgment.	Patient Safety, Infection Prevention, and Quality Improvement	Hand Hygiene in Nursing: Principles and Practice	Fundamentals of Nursing	NURSING	Nursing	Reuse
1	🩺 Foundations, Professional Nursing Practice, and Clinical Judgment	Build the cross-cutting nursing competencies used throughout the PNLE: nursing process, assessment, safe and quality care, communication, documentation, legal-ethical practice, evidence-based care, leadership, prioritization, delegation, and clinical judgment.	Patient Safety, Infection Prevention, and Quality Improvement	Personal Protective Equipment (PPE) Usage in Nursing Practice	Fundamentals of Nursing	NURSING	Nursing	Reuse
1	🩺 Foundations, Professional Nursing Practice, and Clinical Judgment	Build the cross-cutting nursing competencies used throughout the PNLE: nursing process, assessment, safe and quality care, communication, documentation, legal-ethical practice, evidence-based care, leadership, prioritization, delegation, and clinical judgment.	Patient Safety, Infection Prevention, and Quality Improvement	Standard and Transmission-Based Precautions in Infection Control	Fundamentals of Nursing	NURSING	Nursing	Reuse
1	🩺 Foundations, Professional Nursing Practice, and Clinical Judgment	Build the cross-cutting nursing competencies used throughout the PNLE: nursing process, assessment, safe and quality care, communication, documentation, legal-ethical practice, evidence-based care, leadership, prioritization, delegation, and clinical judgment.	Patient Safety, Infection Prevention, and Quality Improvement	Rapid Pulmonary Impact Mechanisms in Viral Infections	Nursing	NURSING	Nursing	Reuse
1	🩺 Foundations, Professional Nursing Practice, and Clinical Judgment	Build the cross-cutting nursing competencies used throughout the PNLE: nursing process, assessment, safe and quality care, communication, documentation, legal-ethical practice, evidence-based care, leadership, prioritization, delegation, and clinical judgment.	Patient Safety, Infection Prevention, and Quality Improvement	Fall Prevention Strategies in Nursing Care	Patient Safety	NURSING	Nursing	Reuse
1	🩺 Foundations, Professional Nursing Practice, and Clinical Judgment	Build the cross-cutting nursing competencies used throughout the PNLE: nursing process, assessment, safe and quality care, communication, documentation, legal-ethical practice, evidence-based care, leadership, prioritization, delegation, and clinical judgment.	Patient Safety, Infection Prevention, and Quality Improvement	Incident Reporting in Nursing Practice	Patient Safety	NURSING	Nursing	Reuse
1	🩺 Foundations, Professional Nursing Practice, and Clinical Judgment	Build the cross-cutting nursing competencies used throughout the PNLE: nursing process, assessment, safe and quality care, communication, documentation, legal-ethical practice, evidence-based care, leadership, prioritization, delegation, and clinical judgment.	Patient Safety, Infection Prevention, and Quality Improvement	National Patient Safety Goals in Nursing Practice	Patient Safety	NURSING	Nursing	Reuse
1	🩺 Foundations, Professional Nursing Practice, and Clinical Judgment	Build the cross-cutting nursing competencies used throughout the PNLE: nursing process, assessment, safe and quality care, communication, documentation, legal-ethical practice, evidence-based care, leadership, prioritization, delegation, and clinical judgment.	Patient Safety, Infection Prevention, and Quality Improvement	Prevention of Hospital-Acquired Infections in Nursing Practice	Patient Safety	NURSING	Nursing	Reuse
1	🩺 Foundations, Professional Nursing Practice, and Clinical Judgment	Build the cross-cutting nursing competencies used throughout the PNLE: nursing process, assessment, safe and quality care, communication, documentation, legal-ethical practice, evidence-based care, leadership, prioritization, delegation, and clinical judgment.	Patient Safety, Infection Prevention, and Quality Improvement	Root Cause Analysis in Healthcare for Patient Safety	Patient Safety	NURSING	Nursing	Reuse
1	🩺 Foundations, Professional Nursing Practice, and Clinical Judgment	Build the cross-cutting nursing competencies used throughout the PNLE: nursing process, assessment, safe and quality care, communication, documentation, legal-ethical practice, evidence-based care, leadership, prioritization, delegation, and clinical judgment.	Patient Safety, Infection Prevention, and Quality Improvement	Safe Patient Handling and Transfer Techniques in Nursing	Patient Safety	NURSING	Nursing	Reuse
1	🩺 Foundations, Professional Nursing Practice, and Clinical Judgment	Build the cross-cutting nursing competencies used throughout the PNLE: nursing process, assessment, safe and quality care, communication, documentation, legal-ethical practice, evidence-based care, leadership, prioritization, delegation, and clinical judgment.	Patient Safety, Infection Prevention, and Quality Improvement	Sentinel Events in Patient Safety: Identification and Response	Patient Safety	NURSING	Nursing	Reuse
1	🩺 Foundations, Professional Nursing Practice, and Clinical Judgment	Build the cross-cutting nursing competencies used throughout the PNLE: nursing process, assessment, safe and quality care, communication, documentation, legal-ethical practice, evidence-based care, leadership, prioritization, delegation, and clinical judgment.	Patient Safety, Infection Prevention, and Quality Improvement	Use of Restraints in Nursing Practice: Principles and Patient Safety	Patient Safety	NURSING	Nursing	Reuse
1	🩺 Foundations, Professional Nursing Practice, and Clinical Judgment	Build the cross-cutting nursing competencies used throughout the PNLE: nursing process, assessment, safe and quality care, communication, documentation, legal-ethical practice, evidence-based care, leadership, prioritization, delegation, and clinical judgment.	Communication, Documentation, and Collaboration	Documentation and Charting in Nursing Practice	Fundamentals of Nursing	NURSING	Nursing	Existing
1	🩺 Foundations, Professional Nursing Practice, and Clinical Judgment	Build the cross-cutting nursing competencies used throughout the PNLE: nursing process, assessment, safe and quality care, communication, documentation, legal-ethical practice, evidence-based care, leadership, prioritization, delegation, and clinical judgment.	Communication, Documentation, and Collaboration	Therapeutic Communication in Nursing Practice	Fundamentals of Nursing	NURSING	Nursing	Existing
1	🩺 Foundations, Professional Nursing Practice, and Clinical Judgment	Build the cross-cutting nursing competencies used throughout the PNLE: nursing process, assessment, safe and quality care, communication, documentation, legal-ethical practice, evidence-based care, leadership, prioritization, delegation, and clinical judgment.	Legal, Ethical, and Professional Nursing Practice	Fundamentals of Nursing Ethics	Fundamentals of Nursing	PROFESSIONAL_PRACTICE_AND_REGULATION	Nursing	Existing
1	🩺 Foundations, Professional Nursing Practice, and Clinical Judgment	Build the cross-cutting nursing competencies used throughout the PNLE: nursing process, assessment, safe and quality care, communication, documentation, legal-ethical practice, evidence-based care, leadership, prioritization, delegation, and clinical judgment.	Legal, Ethical, and Professional Nursing Practice	Legal Responsibilities of Nurses in Patient Care	Fundamentals of Nursing	PROFESSIONAL_PRACTICE_AND_REGULATION	Nursing	Existing
1	🩺 Foundations, Professional Nursing Practice, and Clinical Judgment	Build the cross-cutting nursing competencies used throughout the PNLE: nursing process, assessment, safe and quality care, communication, documentation, legal-ethical practice, evidence-based care, leadership, prioritization, delegation, and clinical judgment.	Legal, Ethical, and Professional Nursing Practice	Legal and Ethical Foundations in Professional Nursing Practice	Fundamentals of Nursing	PROFESSIONAL_PRACTICE_AND_REGULATION	Nursing	Reuse
1	🩺 Foundations, Professional Nursing Practice, and Clinical Judgment	Build the cross-cutting nursing competencies used throughout the PNLE: nursing process, assessment, safe and quality care, communication, documentation, legal-ethical practice, evidence-based care, leadership, prioritization, delegation, and clinical judgment.	Prioritization, Delegation, and Clinical Judgment	Application of Maslow’s Hierarchy of Needs in Nursing Prioritization	Prioritization and Clinical Judgement	NURSING	Nursing	Existing
1	🩺 Foundations, Professional Nursing Practice, and Clinical Judgment	Build the cross-cutting nursing competencies used throughout the PNLE: nursing process, assessment, safe and quality care, communication, documentation, legal-ethical practice, evidence-based care, leadership, prioritization, delegation, and clinical judgment.	Prioritization, Delegation, and Clinical Judgment	Prioritization and Delegation in Nursing Practice	Nursing	NURSING	Nursing	Reuse
1	🩺 Foundations, Professional Nursing Practice, and Clinical Judgment	Build the cross-cutting nursing competencies used throughout the PNLE: nursing process, assessment, safe and quality care, communication, documentation, legal-ethical practice, evidence-based care, leadership, prioritization, delegation, and clinical judgment.	Prioritization, Delegation, and Clinical Judgment	ABC Priority Framework in Nursing Decision-Making	Prioritization and Clinical Judgement	NURSING	Nursing	Reuse
1	🩺 Foundations, Professional Nursing Practice, and Clinical Judgment	Build the cross-cutting nursing competencies used throughout the PNLE: nursing process, assessment, safe and quality care, communication, documentation, legal-ethical practice, evidence-based care, leadership, prioritization, delegation, and clinical judgment.	Prioritization, Delegation, and Clinical Judgment	Clinical Judgment and Decision-Making in Nursing	Prioritization and Clinical Judgement	NURSING	Nursing	Reuse
1	🩺 Foundations, Professional Nursing Practice, and Clinical Judgment	Build the cross-cutting nursing competencies used throughout the PNLE: nursing process, assessment, safe and quality care, communication, documentation, legal-ethical practice, evidence-based care, leadership, prioritization, delegation, and clinical judgment.	Prioritization, Delegation, and Clinical Judgment	Delegation Priorities for Registered Nurses in Clinical Settings	Prioritization and Clinical Judgement	NURSING	Nursing	Reuse
1	🩺 Foundations, Professional Nursing Practice, and Clinical Judgment	Build the cross-cutting nursing competencies used throughout the PNLE: nursing process, assessment, safe and quality care, communication, documentation, legal-ethical practice, evidence-based care, leadership, prioritization, delegation, and clinical judgment.	Prioritization, Delegation, and Clinical Judgment	Differentiating Expected and Unexpected Assessment Findings in Clinical Judgment	Prioritization and Clinical Judgement	NURSING	Nursing	Reuse
1	🩺 Foundations, Professional Nursing Practice, and Clinical Judgment	Build the cross-cutting nursing competencies used throughout the PNLE: nursing process, assessment, safe and quality care, communication, documentation, legal-ethical practice, evidence-based care, leadership, prioritization, delegation, and clinical judgment.	Prioritization, Delegation, and Clinical Judgment	Differentiating Stable and Unstable Patient Assessments in Nursing	Prioritization and Clinical Judgement	NURSING	Nursing	Reuse
1	🩺 Foundations, Professional Nursing Practice, and Clinical Judgment	Build the cross-cutting nursing competencies used throughout the PNLE: nursing process, assessment, safe and quality care, communication, documentation, legal-ethical practice, evidence-based care, leadership, prioritization, delegation, and clinical judgment.	Prioritization, Delegation, and Clinical Judgment	Distinguishing Acute and Chronic Conditions for Clinical Prioritization in Nursing	Prioritization and Clinical Judgement	NURSING	Nursing	Reuse
1	🩺 Foundations, Professional Nursing Practice, and Clinical Judgment	Build the cross-cutting nursing competencies used throughout the PNLE: nursing process, assessment, safe and quality care, communication, documentation, legal-ethical practice, evidence-based care, leadership, prioritization, delegation, and clinical judgment.	Prioritization, Delegation, and Clinical Judgment	Nursing Prioritization Strategies for NCLEX Success	Prioritization and Clinical Judgement	NURSING	Nursing	Reuse
1	🩺 Foundations, Professional Nursing Practice, and Clinical Judgment	Build the cross-cutting nursing competencies used throughout the PNLE: nursing process, assessment, safe and quality care, communication, documentation, legal-ethical practice, evidence-based care, leadership, prioritization, delegation, and clinical judgment.	Prioritization, Delegation, and Clinical Judgment	Patient Assignment and Workload Prioritization in Nursing Practice	Prioritization and Clinical Judgement	NURSING	Nursing	Reuse
1	🩺 Foundations, Professional Nursing Practice, and Clinical Judgment	Build the cross-cutting nursing competencies used throughout the PNLE: nursing process, assessment, safe and quality care, communication, documentation, legal-ethical practice, evidence-based care, leadership, prioritization, delegation, and clinical judgment.	Prioritization, Delegation, and Clinical Judgment	Recognition of Life-Threatening Conditions in Nursing	Prioritization and Clinical Judgement	NURSING	Nursing	Reuse
1	🩺 Foundations, Professional Nursing Practice, and Clinical Judgment	Build the cross-cutting nursing competencies used throughout the PNLE: nursing process, assessment, safe and quality care, communication, documentation, legal-ethical practice, evidence-based care, leadership, prioritization, delegation, and clinical judgment.	Leadership, Management, and Health Informatics	Nursing Leadership, Management, and Health Informatics	Nursing	NURSING	Nursing	New
1	🩺 Foundations, Professional Nursing Practice, and Clinical Judgment	Build the cross-cutting nursing competencies used throughout the PNLE: nursing process, assessment, safe and quality care, communication, documentation, legal-ethical practice, evidence-based care, leadership, prioritization, delegation, and clinical judgment.	Evidence-Based Practice and Nursing Research	Evidence-Based Nursing Practice and Fundamentals of Nursing Research	Nursing	NURSING	Nursing	New
2	🌏 Community and Public Health Nursing	Prepare for Nursing Practice I through care of individuals, families, population groups, and communities using the nursing process, with emphasis on prevention, epidemiology, Philippine health systems, community programs, and disaster/community practice.	Foundations of Community Health Nursing and Primary Health Care	Foundations of Community Health Nursing and Primary Health Care	Community Health Nursing	NURSING	Nursing	New
2	🌏 Community and Public Health Nursing	Prepare for Nursing Practice I through care of individuals, families, population groups, and communities using the nursing process, with emphasis on prevention, epidemiology, Philippine health systems, community programs, and disaster/community practice.	Community Assessment, Diagnosis, and the Nursing Process	Community Assessment, Diagnosis, Planning, Intervention, and Evaluation	Community Health Nursing	NURSING	Nursing	New
2	🌏 Community and Public Health Nursing	Prepare for Nursing Practice I through care of individuals, families, population groups, and communities using the nursing process, with emphasis on prevention, epidemiology, Philippine health systems, community programs, and disaster/community practice.	Epidemiology, Vital Statistics, and Demography	Fundamental Principles of Epidemiology in Nursing Practice	Community Health Nursing	NURSING	Nursing	Reuse
2	🌏 Community and Public Health Nursing	Prepare for Nursing Practice I through care of individuals, families, population groups, and communities using the nursing process, with emphasis on prevention, epidemiology, Philippine health systems, community programs, and disaster/community practice.	Communicable Disease Prevention and Control	Communicable Disease Prevention, Control, Eradication, and Elimination	Community Health Nursing	NURSING	Nursing	New
2	🌏 Community and Public Health Nursing	Prepare for Nursing Practice I through care of individuals, families, population groups, and communities using the nursing process, with emphasis on prevention, epidemiology, Philippine health systems, community programs, and disaster/community practice.	Noncommunicable Disease Prevention and Health Promotion	Health Promotion and Prevention in Nursing Practice	Community Health Nursing	NURSING	Nursing	Reuse
2	🌏 Community and Public Health Nursing	Prepare for Nursing Practice I through care of individuals, families, population groups, and communities using the nursing process, with emphasis on prevention, epidemiology, Philippine health systems, community programs, and disaster/community practice.	Noncommunicable Disease Prevention and Health Promotion	Vaccination Programs in Nursing: Implementation and Impact	Community Health Nursing	NURSING	Nursing	Reuse
2	🌏 Community and Public Health Nursing	Prepare for Nursing Practice I through care of individuals, families, population groups, and communities using the nursing process, with emphasis on prevention, epidemiology, Philippine health systems, community programs, and disaster/community practice.	Family and Population Group Nursing	Nursing Care of Families and Population Groups in the Community	Community Health Nursing	NURSING	Nursing	New
2	🌏 Community and Public Health Nursing	Prepare for Nursing Practice I through care of individuals, families, population groups, and communities using the nursing process, with emphasis on prevention, epidemiology, Philippine health systems, community programs, and disaster/community practice.	Philippine Health Programs and Health Care Delivery	Public Health Programs in the Philippines	Community Health Nursing	NURSING	Nursing	Reuse
2	🌏 Community and Public Health Nursing	Prepare for Nursing Practice I through care of individuals, families, population groups, and communities using the nursing process, with emphasis on prevention, epidemiology, Philippine health systems, community programs, and disaster/community practice.	Disaster, School, and Occupational Health Nursing	Disaster Nursing Roles and Competencies	Community Health Nursing	NURSING	Nursing	Reuse
2	🌏 Community and Public Health Nursing	Prepare for Nursing Practice I through care of individuals, families, population groups, and communities using the nursing process, with emphasis on prevention, epidemiology, Philippine health systems, community programs, and disaster/community practice.	Community Organizing, Referral, Records, and Health Technology	Community Organizing, Referral Systems, Recording, Reporting, and Health Technology	Community Health Nursing	NURSING	Nursing	New
3	🤰 Maternal and Newborn Nursing	Master nursing care before, during, and after childbirth, including reproductive health, normal and high-risk pregnancy, labor and delivery, obstetric emergencies, essential newborn care, and postpartum complications.	Reproductive Health and Family Planning	Reproductive Health, Family Planning Methods, and Responsible Parenthood	Maternal and Child Nursing	NURSING	Nursing	New
3	🤰 Maternal and Newborn Nursing	Master nursing care before, during, and after childbirth, including reproductive health, normal and high-risk pregnancy, labor and delivery, obstetric emergencies, essential newborn care, and postpartum complications.	Normal Pregnancy and Prenatal Care	Pediatric Growth and Development	Maternal and Child Nursing	NURSING	Nursing	Existing
3	🤰 Maternal and Newborn Nursing	Master nursing care before, during, and after childbirth, including reproductive health, normal and high-risk pregnancy, labor and delivery, obstetric emergencies, essential newborn care, and postpartum complications.	Normal Pregnancy and Prenatal Care	Comprehensive Prenatal Care in Nursing Practice	Maternal and Child Nursing	NURSING	Nursing	Reuse
3	🤰 Maternal and Newborn Nursing	Master nursing care before, during, and after childbirth, including reproductive health, normal and high-risk pregnancy, labor and delivery, obstetric emergencies, essential newborn care, and postpartum complications.	High-Risk Pregnancy and Antepartum Complications	Differentiating Preeclampsia and Eclampsia in Maternal Care	Maternal and Child Nursing	NURSING	Nursing	Reuse
3	🤰 Maternal and Newborn Nursing	Master nursing care before, during, and after childbirth, including reproductive health, normal and high-risk pregnancy, labor and delivery, obstetric emergencies, essential newborn care, and postpartum complications.	High-Risk Pregnancy and Antepartum Complications	Pregnancy Danger Signs: Early Recognition and Response	Maternal and Child Nursing	NURSING	Nursing	Reuse
3	🤰 Maternal and Newborn Nursing	Master nursing care before, during, and after childbirth, including reproductive health, normal and high-risk pregnancy, labor and delivery, obstetric emergencies, essential newborn care, and postpartum complications.	Labor and Birth	Leopold's Maneuvers in Maternal and Child Nursing	Maternal and Child Nursing	NURSING	Nursing	Existing
3	🤰 Maternal and Newborn Nursing	Master nursing care before, during, and after childbirth, including reproductive health, normal and high-risk pregnancy, labor and delivery, obstetric emergencies, essential newborn care, and postpartum complications.	Labor and Birth	Stages of Labor and Nursing Care	Maternal and Child Nursing	NURSING	Nursing	Existing
3	🤰 Maternal and Newborn Nursing	Master nursing care before, during, and after childbirth, including reproductive health, normal and high-risk pregnancy, labor and delivery, obstetric emergencies, essential newborn care, and postpartum complications.	Labor and Birth	Fetal Heart Rate Patterns in Maternal and Child Nursing	Maternal and Child Nursing	NURSING	Nursing	Reuse
3	🤰 Maternal and Newborn Nursing	Master nursing care before, during, and after childbirth, including reproductive health, normal and high-risk pregnancy, labor and delivery, obstetric emergencies, essential newborn care, and postpartum complications.	Labor and Birth	Physiology and Management of Labor and Delivery in Obstetric Nursing	Maternal and Child Nursing	NURSING	Nursing	Reuse
3	🤰 Maternal and Newborn Nursing	Master nursing care before, during, and after childbirth, including reproductive health, normal and high-risk pregnancy, labor and delivery, obstetric emergencies, essential newborn care, and postpartum complications.	Labor and Birth	Common Laboratory Values	Clinical Chemistry	NURSING	Medicine	Reuse
3	🤰 Maternal and Newborn Nursing	Master nursing care before, during, and after childbirth, including reproductive health, normal and high-risk pregnancy, labor and delivery, obstetric emergencies, essential newborn care, and postpartum complications.	Labor and Birth	Common Normal Laboratory Values	Clinical Chemistry	NURSING	Medicine	Reuse
3	🤰 Maternal and Newborn Nursing	Master nursing care before, during, and after childbirth, including reproductive health, normal and high-risk pregnancy, labor and delivery, obstetric emergencies, essential newborn care, and postpartum complications.	Intrapartum Complications and Obstetric Emergencies	Intrapartum Complications and Obstetric Emergencies	Maternal and Child Nursing	NURSING	Nursing	New
3	🤰 Maternal and Newborn Nursing	Master nursing care before, during, and after childbirth, including reproductive health, normal and high-risk pregnancy, labor and delivery, obstetric emergencies, essential newborn care, and postpartum complications.	Immediate and Essential Newborn Care	APGAR Scoring and Newborn Assessment	Pediatric Nursing	NURSING	Nursing	Existing
3	🤰 Maternal and Newborn Nursing	Master nursing care before, during, and after childbirth, including reproductive health, normal and high-risk pregnancy, labor and delivery, obstetric emergencies, essential newborn care, and postpartum complications.	Immediate and Essential Newborn Care	Fetal Circulation: Anatomy and Functional Adaptations	Maternal and Child Nursing	NURSING	Nursing	Existing
3	🤰 Maternal and Newborn Nursing	Master nursing care before, during, and after childbirth, including reproductive health, normal and high-risk pregnancy, labor and delivery, obstetric emergencies, essential newborn care, and postpartum complications.	Immediate and Essential Newborn Care	Comprehensive Newborn Assessment	Maternal and Child Nursing	NURSING	Nursing	Reuse
3	🤰 Maternal and Newborn Nursing	Master nursing care before, during, and after childbirth, including reproductive health, normal and high-risk pregnancy, labor and delivery, obstetric emergencies, essential newborn care, and postpartum complications.	Immediate and Essential Newborn Care	Newborn Reflexes in Maternal and Child Nursing	Maternal and Child Nursing	NURSING	Nursing	Reuse
3	🤰 Maternal and Newborn Nursing	Master nursing care before, during, and after childbirth, including reproductive health, normal and high-risk pregnancy, labor and delivery, obstetric emergencies, essential newborn care, and postpartum complications.	Postpartum and Puerperal Care	Postpartum Care in Maternal and Child Nursing	Maternal and Child Nursing	NURSING	Nursing	Existing
3	🤰 Maternal and Newborn Nursing	Master nursing care before, during, and after childbirth, including reproductive health, normal and high-risk pregnancy, labor and delivery, obstetric emergencies, essential newborn care, and postpartum complications.	Postpartum Complications	Postpartum Complications in Maternal and Child Nursing	Maternal and Child Nursing	NURSING	Nursing	Existing
3	🤰 Maternal and Newborn Nursing	Master nursing care before, during, and after childbirth, including reproductive health, normal and high-risk pregnancy, labor and delivery, obstetric emergencies, essential newborn care, and postpartum complications.	Postpartum Complications	Postpartum Warning Signs in Maternal and Child Nursing	Maternal and Child Nursing	NURSING	Nursing	Reuse
4	🧒 Pediatric and Adolescent Nursing	Develop age-appropriate nursing care across the neonate-to-adolescent continuum, covering growth and development, health promotion, immunization, common disorders, congenital conditions, and acute pediatric care.	Growth and Development	Developmental Milestones in Pediatric Nursing Assessment	Pediatric Nursing	NURSING	Nursing	Existing
4	🧒 Pediatric and Adolescent Nursing	Develop age-appropriate nursing care across the neonate-to-adolescent continuum, covering growth and development, health promotion, immunization, common disorders, congenital conditions, and acute pediatric care.	Growth and Development	Language Development in Children: Stages and Nursing Implications	Pediatric Nursing	NURSING	Nursing	Reuse
4	🧒 Pediatric and Adolescent Nursing	Develop age-appropriate nursing care across the neonate-to-adolescent continuum, covering growth and development, health promotion, immunization, common disorders, congenital conditions, and acute pediatric care.	Growth and Development	Motor Skill Development Across Childhood in Nursing	Pediatric Nursing	NURSING	Nursing	Reuse
4	🧒 Pediatric and Adolescent Nursing	Develop age-appropriate nursing care across the neonate-to-adolescent continuum, covering growth and development, health promotion, immunization, common disorders, congenital conditions, and acute pediatric care.	Growth and Development	Pediatric Growth Charts and Clinical Assessment	Pediatric Nursing	NURSING	Nursing	Reuse
4	🧒 Pediatric and Adolescent Nursing	Develop age-appropriate nursing care across the neonate-to-adolescent continuum, covering growth and development, health promotion, immunization, common disorders, congenital conditions, and acute pediatric care.	Growth and Development	Physical Growth Patterns in Pediatric Nursing	Pediatric Nursing	NURSING	Nursing	Reuse
4	🧒 Pediatric and Adolescent Nursing	Develop age-appropriate nursing care across the neonate-to-adolescent continuum, covering growth and development, health promotion, immunization, common disorders, congenital conditions, and acute pediatric care.	Newborn and Infant Assessment	Pediatric Vital Signs Reference Ranges by Age Group	Pediatric Nursing	NURSING	Nursing	Reuse
4	🧒 Pediatric and Adolescent Nursing	Develop age-appropriate nursing care across the neonate-to-adolescent continuum, covering growth and development, health promotion, immunization, common disorders, congenital conditions, and acute pediatric care.	Pediatric Health Promotion and Nutrition	Pediatric Nutrition: Fundamentals and Nursing Implications	Pediatric Nursing	NURSING	Nursing	Existing
4	🧒 Pediatric and Adolescent Nursing	Develop age-appropriate nursing care across the neonate-to-adolescent continuum, covering growth and development, health promotion, immunization, common disorders, congenital conditions, and acute pediatric care.	Pediatric Health Promotion and Nutrition	Benefits of Breastfeeding for Infant Development	Pediatric Nursing	NURSING	Nursing	Reuse
4	🧒 Pediatric and Adolescent Nursing	Develop age-appropriate nursing care across the neonate-to-adolescent continuum, covering growth and development, health promotion, immunization, common disorders, congenital conditions, and acute pediatric care.	Immunization and Preventive Care	Childhood Immunization Schedule in Pediatric Nursing	Pediatric Nursing	NURSING	Nursing	Existing
4	🧒 Pediatric and Adolescent Nursing	Develop age-appropriate nursing care across the neonate-to-adolescent continuum, covering growth and development, health promotion, immunization, common disorders, congenital conditions, and acute pediatric care.	Common Pediatric Disorders	Common Childhood Diseases in Pediatric Nursing	Pediatric Nursing	NURSING	Nursing	Existing
4	🧒 Pediatric and Adolescent Nursing	Develop age-appropriate nursing care across the neonate-to-adolescent continuum, covering growth and development, health promotion, immunization, common disorders, congenital conditions, and acute pediatric care.	Common Pediatric Disorders	Common Pediatric Respiratory Conditions: Diagnosis and Management	Pediatric Nursing	NURSING	Nursing	Reuse
4	🧒 Pediatric and Adolescent Nursing	Develop age-appropriate nursing care across the neonate-to-adolescent continuum, covering growth and development, health promotion, immunization, common disorders, congenital conditions, and acute pediatric care.	Pediatric Acute and Emergency Care	Pediatric Emergencies in Nursing Care	Pediatric Nursing	NURSING	Nursing	Existing
4	🧒 Pediatric and Adolescent Nursing	Develop age-appropriate nursing care across the neonate-to-adolescent continuum, covering growth and development, health promotion, immunization, common disorders, congenital conditions, and acute pediatric care.	Congenital and Developmental Disorders	Congenital Disorders in Pediatric Nursing	Pediatric Nursing	NURSING	Nursing	Existing
4	🧒 Pediatric and Adolescent Nursing	Develop age-appropriate nursing care across the neonate-to-adolescent continuum, covering growth and development, health promotion, immunization, common disorders, congenital conditions, and acute pediatric care.	Adolescent Health	Adolescent Growth, Health Promotion, Risk Reduction, and Nursing Care	Pediatric Nursing	NURSING	Nursing	New
5	❤️ Adult Health Nursing I — Perioperative, Oxygenation, Fluids, Infection, Immunology, and Oncology	Cover the Nursing Practice III clinical domains: perioperative care, oxygenation and perfusion, fluid-electrolyte and acid-base balance, urinary elimination, infectious and inflammatory conditions, immune disorders, and cellular aberrations.	Perioperative Nursing	Perioperative Nursing: Preoperative, Intraoperative, and Postoperative Care	Medical – Surgical Nursing	NURSING	Nursing	New
5	❤️ Adult Health Nursing I — Perioperative, Oxygenation, Fluids, Infection, Immunology, and Oncology	Cover the Nursing Practice III clinical domains: perioperative care, oxygenation and perfusion, fluid-electrolyte and acid-base balance, urinary elimination, infectious and inflammatory conditions, immune disorders, and cellular aberrations.	Respiratory and Oxygenation Disorders	Chronic Obstructive Pulmonary Disease (COPD) in Medical-Surgical Nursing	Medical – Surgical Nursing	NURSING	Nursing	Existing
5	❤️ Adult Health Nursing I — Perioperative, Oxygenation, Fluids, Infection, Immunology, and Oncology	Cover the Nursing Practice III clinical domains: perioperative care, oxygenation and perfusion, fluid-electrolyte and acid-base balance, urinary elimination, infectious and inflammatory conditions, immune disorders, and cellular aberrations.	Respiratory and Oxygenation Disorders	Pneumonia in Medical-Surgical Nursing: Pathophysiology and Patient Management	Medical – Surgical Nursing	NURSING	Nursing	Existing
5	❤️ Adult Health Nursing I — Perioperative, Oxygenation, Fluids, Infection, Immunology, and Oncology	Cover the Nursing Practice III clinical domains: perioperative care, oxygenation and perfusion, fluid-electrolyte and acid-base balance, urinary elimination, infectious and inflammatory conditions, immune disorders, and cellular aberrations.	Respiratory and Oxygenation Disorders	Asthma Pathophysiology and Management in Medical-Surgical Nursing	Medical – Surgical Nursing	NURSING	Nursing	Existing
5	❤️ Adult Health Nursing I — Perioperative, Oxygenation, Fluids, Infection, Immunology, and Oncology	Cover the Nursing Practice III clinical domains: perioperative care, oxygenation and perfusion, fluid-electrolyte and acid-base balance, urinary elimination, infectious and inflammatory conditions, immune disorders, and cellular aberrations.	Respiratory and Oxygenation Disorders	Tuberculosis in Medical-Surgical Nursing: Pathophysiology, Diagnosis, and Management	Medical – Surgical Nursing	NURSING	Nursing	Existing
5	❤️ Adult Health Nursing I — Perioperative, Oxygenation, Fluids, Infection, Immunology, and Oncology	Cover the Nursing Practice III clinical domains: perioperative care, oxygenation and perfusion, fluid-electrolyte and acid-base balance, urinary elimination, infectious and inflammatory conditions, immune disorders, and cellular aberrations.	Respiratory and Oxygenation Disorders	Respiratory Disorders: Asthma, COPD, and Pneumonia in Nursing Care	Medical – Surgical Nursing	NURSING	Nursing	Reuse
5	❤️ Adult Health Nursing I — Perioperative, Oxygenation, Fluids, Infection, Immunology, and Oncology	Cover the Nursing Practice III clinical domains: perioperative care, oxygenation and perfusion, fluid-electrolyte and acid-base balance, urinary elimination, infectious and inflammatory conditions, immune disorders, and cellular aberrations.	Cardiovascular and Perfusion Disorders	Hypertension Overview	Nursing	NURSING	Nursing	Existing
5	❤️ Adult Health Nursing I — Perioperative, Oxygenation, Fluids, Infection, Immunology, and Oncology	Cover the Nursing Practice III clinical domains: perioperative care, oxygenation and perfusion, fluid-electrolyte and acid-base balance, urinary elimination, infectious and inflammatory conditions, immune disorders, and cellular aberrations.	Cardiovascular and Perfusion Disorders	Heart Failure in Medical-Surgical Nursing	Medical – Surgical Nursing	NURSING	Nursing	Existing
5	❤️ Adult Health Nursing I — Perioperative, Oxygenation, Fluids, Infection, Immunology, and Oncology	Cover the Nursing Practice III clinical domains: perioperative care, oxygenation and perfusion, fluid-electrolyte and acid-base balance, urinary elimination, infectious and inflammatory conditions, immune disorders, and cellular aberrations.	Cardiovascular and Perfusion Disorders	Myocardial Infarction in Medical-Surgical Nursing	Medical – Surgical Nursing	NURSING	Nursing	Existing
5	❤️ Adult Health Nursing I — Perioperative, Oxygenation, Fluids, Infection, Immunology, and Oncology	Cover the Nursing Practice III clinical domains: perioperative care, oxygenation and perfusion, fluid-electrolyte and acid-base balance, urinary elimination, infectious and inflammatory conditions, immune disorders, and cellular aberrations.	Cardiovascular and Perfusion Disorders	Angina Pectoris: Pathophysiology and Clinical Management in Medical-Surgical Nursing	Medical – Surgical Nursing	NURSING	Nursing	Reuse
5	❤️ Adult Health Nursing I — Perioperative, Oxygenation, Fluids, Infection, Immunology, and Oncology	Cover the Nursing Practice III clinical domains: perioperative care, oxygenation and perfusion, fluid-electrolyte and acid-base balance, urinary elimination, infectious and inflammatory conditions, immune disorders, and cellular aberrations.	Cardiovascular and Perfusion Disorders	Cardiovascular Disorders in Nursing: Pathophysiology, Assessment, and Management	Medical – Surgical Nursing	NURSING	Nursing	Reuse
5	❤️ Adult Health Nursing I — Perioperative, Oxygenation, Fluids, Infection, Immunology, and Oncology	Cover the Nursing Practice III clinical domains: perioperative care, oxygenation and perfusion, fluid-electrolyte and acid-base balance, urinary elimination, infectious and inflammatory conditions, immune disorders, and cellular aberrations.	Fluid, Electrolyte, Acid-Base, and Urinary Elimination	Sodium Imbalances: Hyponatremia and Hypernatremia in Nursing Care	Fluid, Electrolyte, and Acid – Base Balance	NURSING	Nursing	Existing
5	❤️ Adult Health Nursing I — Perioperative, Oxygenation, Fluids, Infection, Immunology, and Oncology	Cover the Nursing Practice III clinical domains: perioperative care, oxygenation and perfusion, fluid-electrolyte and acid-base balance, urinary elimination, infectious and inflammatory conditions, immune disorders, and cellular aberrations.	Fluid, Electrolyte, Acid-Base, and Urinary Elimination	Potassium Imbalances: Hypokalemia and Hyperkalemia in Nursing Care	Fluid, Electrolyte, and Acid – Base Balance	NURSING	Nursing	Existing
5	❤️ Adult Health Nursing I — Perioperative, Oxygenation, Fluids, Infection, Immunology, and Oncology	Cover the Nursing Practice III clinical domains: perioperative care, oxygenation and perfusion, fluid-electrolyte and acid-base balance, urinary elimination, infectious and inflammatory conditions, immune disorders, and cellular aberrations.	Fluid, Electrolyte, Acid-Base, and Urinary Elimination	Calcium Imbalances in Nursing Care	Fluid, Electrolyte, and Acid – Base Balance	NURSING	Nursing	Existing
5	❤️ Adult Health Nursing I — Perioperative, Oxygenation, Fluids, Infection, Immunology, and Oncology	Cover the Nursing Practice III clinical domains: perioperative care, oxygenation and perfusion, fluid-electrolyte and acid-base balance, urinary elimination, infectious and inflammatory conditions, immune disorders, and cellular aberrations.	Fluid, Electrolyte, Acid-Base, and Urinary Elimination	Magnesium Imbalances in Nursing	Fluid, Electrolyte, and Acid – Base Balance	NURSING	Nursing	Existing
5	❤️ Adult Health Nursing I — Perioperative, Oxygenation, Fluids, Infection, Immunology, and Oncology	Cover the Nursing Practice III clinical domains: perioperative care, oxygenation and perfusion, fluid-electrolyte and acid-base balance, urinary elimination, infectious and inflammatory conditions, immune disorders, and cellular aberrations.	Fluid, Electrolyte, Acid-Base, and Urinary Elimination	Respiratory Acidosis and Alkalosis in Acid-Base Balance	Fluid, Electrolyte, and Acid – Base Balance	NURSING	Nursing	Existing
5	❤️ Adult Health Nursing I — Perioperative, Oxygenation, Fluids, Infection, Immunology, and Oncology	Cover the Nursing Practice III clinical domains: perioperative care, oxygenation and perfusion, fluid-electrolyte and acid-base balance, urinary elimination, infectious and inflammatory conditions, immune disorders, and cellular aberrations.	Fluid, Electrolyte, Acid-Base, and Urinary Elimination	Interpreting Arterial Blood Gas (ABG) Results in Nursing	Fluid, Electrolyte, and Acid – Base Balance	NURSING	Nursing	Existing
5	❤️ Adult Health Nursing I — Perioperative, Oxygenation, Fluids, Infection, Immunology, and Oncology	Cover the Nursing Practice III clinical domains: perioperative care, oxygenation and perfusion, fluid-electrolyte and acid-base balance, urinary elimination, infectious and inflammatory conditions, immune disorders, and cellular aberrations.	Fluid, Electrolyte, Acid-Base, and Urinary Elimination	Fluid Volume Deficit (Hypovolemia) in Nursing: Assessment and Management	Fluid, Electrolyte, and Acid – Base Balance	NURSING	Nursing	Existing
5	❤️ Adult Health Nursing I — Perioperative, Oxygenation, Fluids, Infection, Immunology, and Oncology	Cover the Nursing Practice III clinical domains: perioperative care, oxygenation and perfusion, fluid-electrolyte and acid-base balance, urinary elimination, infectious and inflammatory conditions, immune disorders, and cellular aberrations.	Fluid, Electrolyte, Acid-Base, and Urinary Elimination	Fluid Volume Excess (Hypervolemia) in Nursing Care	Fluid, Electrolyte, and Acid – Base Balance	NURSING	Nursing	Existing
5	❤️ Adult Health Nursing I — Perioperative, Oxygenation, Fluids, Infection, Immunology, and Oncology	Cover the Nursing Practice III clinical domains: perioperative care, oxygenation and perfusion, fluid-electrolyte and acid-base balance, urinary elimination, infectious and inflammatory conditions, immune disorders, and cellular aberrations.	Fluid, Electrolyte, Acid-Base, and Urinary Elimination	Intravenous Fluids in Fluid, Electrolyte, and Acid-Base Balance Management	Fluid, Electrolyte, and Acid – Base Balance	NURSING	Nursing	Existing
5	❤️ Adult Health Nursing I — Perioperative, Oxygenation, Fluids, Infection, Immunology, and Oncology	Cover the Nursing Practice III clinical domains: perioperative care, oxygenation and perfusion, fluid-electrolyte and acid-base balance, urinary elimination, infectious and inflammatory conditions, immune disorders, and cellular aberrations.	Fluid, Electrolyte, Acid-Base, and Urinary Elimination	Metabolic Acidosis and Metabolic Alkalosis in Fluid and Electrolyte Balance	Fluid, Electrolyte, and Acid – Base Balance	NURSING	Nursing	Existing
5	❤️ Adult Health Nursing I — Perioperative, Oxygenation, Fluids, Infection, Immunology, and Oncology	Cover the Nursing Practice III clinical domains: perioperative care, oxygenation and perfusion, fluid-electrolyte and acid-base balance, urinary elimination, infectious and inflammatory conditions, immune disorders, and cellular aberrations.	Fluid, Electrolyte, Acid-Base, and Urinary Elimination	Chronic Kidney Disease: Pathophysiology and Nursing Care	Medical – Surgical Nursing	NURSING	Nursing	Existing
5	❤️ Adult Health Nursing I — Perioperative, Oxygenation, Fluids, Infection, Immunology, and Oncology	Cover the Nursing Practice III clinical domains: perioperative care, oxygenation and perfusion, fluid-electrolyte and acid-base balance, urinary elimination, infectious and inflammatory conditions, immune disorders, and cellular aberrations.	Fluid, Electrolyte, Acid-Base, and Urinary Elimination	Fluids and Electrolytes Overview	Biology	NURSING	Nursing	Reuse
5	❤️ Adult Health Nursing I — Perioperative, Oxygenation, Fluids, Infection, Immunology, and Oncology	Cover the Nursing Practice III clinical domains: perioperative care, oxygenation and perfusion, fluid-electrolyte and acid-base balance, urinary elimination, infectious and inflammatory conditions, immune disorders, and cellular aberrations.	Fluid, Electrolyte, Acid-Base, and Urinary Elimination	Electrolyte Replacement and Nursing Considerations in Fluid and Electrolyte Balance	Fluid, Electrolyte, and Acid – Base Balance	NURSING	Nursing	Reuse
5	❤️ Adult Health Nursing I — Perioperative, Oxygenation, Fluids, Infection, Immunology, and Oncology	Cover the Nursing Practice III clinical domains: perioperative care, oxygenation and perfusion, fluid-electrolyte and acid-base balance, urinary elimination, infectious and inflammatory conditions, immune disorders, and cellular aberrations.	Fluid, Electrolyte, Acid-Base, and Urinary Elimination	Renal Disorders in Clinical Nursing Practice	Medical – Surgical Nursing	NURSING	Nursing	Reuse
5	❤️ Adult Health Nursing I — Perioperative, Oxygenation, Fluids, Infection, Immunology, and Oncology	Cover the Nursing Practice III clinical domains: perioperative care, oxygenation and perfusion, fluid-electrolyte and acid-base balance, urinary elimination, infectious and inflammatory conditions, immune disorders, and cellular aberrations.	Fluid, Electrolyte, Acid-Base, and Urinary Elimination	Acid-Base Balance and Imbalance in Body Fluids	Physiology	NURSING	Nursing	Reuse
5	❤️ Adult Health Nursing I — Perioperative, Oxygenation, Fluids, Infection, Immunology, and Oncology	Cover the Nursing Practice III clinical domains: perioperative care, oxygenation and perfusion, fluid-electrolyte and acid-base balance, urinary elimination, infectious and inflammatory conditions, immune disorders, and cellular aberrations.	Infectious Diseases	Pain, Inflammation, and Tissue Healing	Pathophysiology	NURSING	Physical Therapy	Reuse
5	❤️ Adult Health Nursing I — Perioperative, Oxygenation, Fluids, Infection, Immunology, and Oncology	Cover the Nursing Practice III clinical domains: perioperative care, oxygenation and perfusion, fluid-electrolyte and acid-base balance, urinary elimination, infectious and inflammatory conditions, immune disorders, and cellular aberrations.	Infectious Diseases	What Happens to the Body During Exercise?	Exercise Physiology	(unset)	Physical Therapy	Excluded
5	❤️ Adult Health Nursing I — Perioperative, Oxygenation, Fluids, Infection, Immunology, and Oncology	Cover the Nursing Practice III clinical domains: perioperative care, oxygenation and perfusion, fluid-electrolyte and acid-base balance, urinary elimination, infectious and inflammatory conditions, immune disorders, and cellular aberrations.	Inflammatory and Immunologic Disorders	Inflammatory, Autoimmune, and Immunologic Disorders in Adult Nursing Care	Medical – Surgical Nursing	NURSING	Nursing	New
5	❤️ Adult Health Nursing I — Perioperative, Oxygenation, Fluids, Infection, Immunology, and Oncology	Cover the Nursing Practice III clinical domains: perioperative care, oxygenation and perfusion, fluid-electrolyte and acid-base balance, urinary elimination, infectious and inflammatory conditions, immune disorders, and cellular aberrations.	Cellular Aberrations and Oncology	Foundations and Critical Practices in Oncology Nursing	Medical – Surgical Nursing	NURSING	Nursing	Reuse
6	🧬 Adult Health Nursing II — Nutrition, GI, Endocrine, Neurologic, Musculoskeletal, and Sensory	Cover the Nursing Practice IV domains of nutrition and gastrointestinal function, metabolism and endocrine regulation, perception and coordination, musculoskeletal disorders, sensory problems, and care considerations for older adults.	Nutrition and Metabolic Disorders	Nutrition Assessment, Therapeutic Diets, and Metabolic Support in Adult Nursing	Medical – Surgical Nursing	NURSING	Nursing	New
6	🧬 Adult Health Nursing II — Nutrition, GI, Endocrine, Neurologic, Musculoskeletal, and Sensory	Cover the Nursing Practice IV domains of nutrition and gastrointestinal function, metabolism and endocrine regulation, perception and coordination, musculoskeletal disorders, sensory problems, and care considerations for older adults.	Gastrointestinal and Hepatobiliary Disorders	Liver Cirrhosis: Pathophysiology and Nursing Management	Medical – Surgical Nursing	NURSING	Nursing	Existing
6	🧬 Adult Health Nursing II — Nutrition, GI, Endocrine, Neurologic, Musculoskeletal, and Sensory	Cover the Nursing Practice IV domains of nutrition and gastrointestinal function, metabolism and endocrine regulation, perception and coordination, musculoskeletal disorders, sensory problems, and care considerations for older adults.	Gastrointestinal and Hepatobiliary Disorders	Gastrointestinal Disorders	Medical – Surgical Nursing	NURSING	Nursing	Reuse
6	🧬 Adult Health Nursing II — Nutrition, GI, Endocrine, Neurologic, Musculoskeletal, and Sensory	Cover the Nursing Practice IV domains of nutrition and gastrointestinal function, metabolism and endocrine regulation, perception and coordination, musculoskeletal disorders, sensory problems, and care considerations for older adults.	Endocrine and Metabolic Disorders	Endocrine Disorders in Nursing Practice	Medical – Surgical Nursing	NURSING	Nursing	Reuse
6	🧬 Adult Health Nursing II — Nutrition, GI, Endocrine, Neurologic, Musculoskeletal, and Sensory	Cover the Nursing Practice IV domains of nutrition and gastrointestinal function, metabolism and endocrine regulation, perception and coordination, musculoskeletal disorders, sensory problems, and care considerations for older adults.	Neurologic and Cerebrovascular Disorders	Stroke in Medical-Surgical Nursing: Pathophysiology, Types, and Nursing Care	Medical – Surgical Nursing	NURSING	Nursing	Existing
6	🧬 Adult Health Nursing II — Nutrition, GI, Endocrine, Neurologic, Musculoskeletal, and Sensory	Cover the Nursing Practice IV domains of nutrition and gastrointestinal function, metabolism and endocrine regulation, perception and coordination, musculoskeletal disorders, sensory problems, and care considerations for older adults.	Neurologic and Cerebrovascular Disorders	Neurological Disorders in Nursing Care	Medical – Surgical Nursing	NURSING	Nursing	Reuse
6	🧬 Adult Health Nursing II — Nutrition, GI, Endocrine, Neurologic, Musculoskeletal, and Sensory	Cover the Nursing Practice IV domains of nutrition and gastrointestinal function, metabolism and endocrine regulation, perception and coordination, musculoskeletal disorders, sensory problems, and care considerations for older adults.	Musculoskeletal Disorders	Musculoskeletal Disorders: Assessment and Nursing Management	Medical – Surgical Nursing	NURSING	Nursing	New
6	🧬 Adult Health Nursing II — Nutrition, GI, Endocrine, Neurologic, Musculoskeletal, and Sensory	Cover the Nursing Practice IV domains of nutrition and gastrointestinal function, metabolism and endocrine regulation, perception and coordination, musculoskeletal disorders, sensory problems, and care considerations for older adults.	Sensory: Eye and Ear Disorders	Eye and Ear Disorders: Assessment and Nursing Management	Medical – Surgical Nursing	NURSING	Nursing	New
6	🧬 Adult Health Nursing II — Nutrition, GI, Endocrine, Neurologic, Musculoskeletal, and Sensory	Cover the Nursing Practice IV domains of nutrition and gastrointestinal function, metabolism and endocrine regulation, perception and coordination, musculoskeletal disorders, sensory problems, and care considerations for older adults.	Older Adult and Gerontologic Nursing	Gerontologic Nursing and Care of Older Adults	Medical – Surgical Nursing	NURSING	Nursing	New
7	🧠 Mental Health and Psychiatric Nursing	Prepare for the mental-health component of Nursing Practice V through therapeutic models, mental-health concepts, psychiatric assessment, maladaptive behavior patterns, therapeutic communication, crisis care, and psychiatric interventions.	Foundations, Models, and Mental Health Systems	Defense Mechanisms in Psychiatric-Mental Health Nursing	Psychiatric – Mental Health Nursing	NURSING	Nursing	Existing
7	🧠 Mental Health and Psychiatric Nursing	Prepare for the mental-health component of Nursing Practice V through therapeutic models, mental-health concepts, psychiatric assessment, maladaptive behavior patterns, therapeutic communication, crisis care, and psychiatric interventions.	Therapeutic Relationship and Communication	Therapeutic Communication in Psychiatric-Mental Health Nursing	Psychiatric – Mental Health Nursing	NURSING	Nursing	Existing
7	🧠 Mental Health and Psychiatric Nursing	Prepare for the mental-health component of Nursing Practice V through therapeutic models, mental-health concepts, psychiatric assessment, maladaptive behavior patterns, therapeutic communication, crisis care, and psychiatric interventions.	Anxiety, Trauma, and Related Disorders	Anxiety Disorders in Psychiatric-Mental Health Nursing	Psychiatric – Mental Health Nursing	NURSING	Nursing	Existing
7	🧠 Mental Health and Psychiatric Nursing	Prepare for the mental-health component of Nursing Practice V through therapeutic models, mental-health concepts, psychiatric assessment, maladaptive behavior patterns, therapeutic communication, crisis care, and psychiatric interventions.	Mood Disorders	Mood Disorders in Psychiatric-Mental Health Nursing	Psychiatric – Mental Health Nursing	NURSING	Nursing	Existing
7	🧠 Mental Health and Psychiatric Nursing	Prepare for the mental-health component of Nursing Practice V through therapeutic models, mental-health concepts, psychiatric assessment, maladaptive behavior patterns, therapeutic communication, crisis care, and psychiatric interventions.	Psychotic Disorders	Schizophrenia in Psychiatric-Mental Health Nursing	Psychiatric – Mental Health Nursing	NURSING	Nursing	Existing
7	🧠 Mental Health and Psychiatric Nursing	Prepare for the mental-health component of Nursing Practice V through therapeutic models, mental-health concepts, psychiatric assessment, maladaptive behavior patterns, therapeutic communication, crisis care, and psychiatric interventions.	Personality Disorders	Personality Disorders in Psychiatric-Mental Health Nursing	Psychiatric – Mental Health Nursing	NURSING	Nursing	Existing
7	🧠 Mental Health and Psychiatric Nursing	Prepare for the mental-health component of Nursing Practice V through therapeutic models, mental-health concepts, psychiatric assessment, maladaptive behavior patterns, therapeutic communication, crisis care, and psychiatric interventions.	Substance-Related and Addictive Disorders	Substance Abuse in Psychiatric-Mental Health Nursing	Psychiatric – Mental Health Nursing	NURSING	Nursing	Existing
7	🧠 Mental Health and Psychiatric Nursing	Prepare for the mental-health component of Nursing Practice V through therapeutic models, mental-health concepts, psychiatric assessment, maladaptive behavior patterns, therapeutic communication, crisis care, and psychiatric interventions.	Crisis, Suicide, Violence, and Safety	Crisis Intervention in Psychiatric-Mental Health Nursing	Psychiatric – Mental Health Nursing	NURSING	Nursing	Existing
7	🧠 Mental Health and Psychiatric Nursing	Prepare for the mental-health component of Nursing Practice V through therapeutic models, mental-health concepts, psychiatric assessment, maladaptive behavior patterns, therapeutic communication, crisis care, and psychiatric interventions.	Crisis, Suicide, Violence, and Safety	Suicide Prevention in Psychiatric-Mental Health Nursing	Psychiatric – Mental Health Nursing	NURSING	Nursing	Existing
7	🧠 Mental Health and Psychiatric Nursing	Prepare for the mental-health component of Nursing Practice V through therapeutic models, mental-health concepts, psychiatric assessment, maladaptive behavior patterns, therapeutic communication, crisis care, and psychiatric interventions.	Psychiatric Therapies and Psychopharmacology	Psychiatric Therapies and Psychopharmacology in Mental Health Nursing	Psychiatric – Mental Health Nursing	NURSING	Nursing	New
8	🚨 Emergency, Critical Care, and High-Acuity Nursing	Develop rapid assessment and priority care for life-threatening, acutely ill, multi-organ, high-acuity, and emergency situations emphasized in Nursing Practice V.	Emergency Assessment, Triage, and ABC Priorities	Emergency Assessment, Triage, and ABC Priorities in Nursing	Prioritization and Clinical Judgement	NURSING	Nursing	New
8	🚨 Emergency, Critical Care, and High-Acuity Nursing	Develop rapid assessment and priority care for life-threatening, acutely ill, multi-organ, high-acuity, and emergency situations emphasized in Nursing Practice V.	Shock, Sepsis, SIRS, and Multi-Organ Dysfunction	Understanding Shock and Its Types	Medical – Surgical Nursing	NURSING	Nursing	Existing
8	🚨 Emergency, Critical Care, and High-Acuity Nursing	Develop rapid assessment and priority care for life-threatening, acutely ill, multi-organ, high-acuity, and emergency situations emphasized in Nursing Practice V.	Shock, Sepsis, SIRS, and Multi-Organ Dysfunction	Sepsis in Medical-Surgical Nursing: Pathophysiology, Recognition, and Management	Medical – Surgical Nursing	NURSING	Nursing	Existing
8	🚨 Emergency, Critical Care, and High-Acuity Nursing	Develop rapid assessment and priority care for life-threatening, acutely ill, multi-organ, high-acuity, and emergency situations emphasized in Nursing Practice V.	Respiratory Emergencies and Mechanical Ventilation	Respiratory Emergencies and Mechanical Ventilation in Critical Care Nursing	Medical – Surgical Nursing	NURSING	Nursing	New
8	🚨 Emergency, Critical Care, and High-Acuity Nursing	Develop rapid assessment and priority care for life-threatening, acutely ill, multi-organ, high-acuity, and emergency situations emphasized in Nursing Practice V.	Cardiac Emergencies and Dysrhythmias	Interpretation of Electrocardiogram (ECG) in Cardiac Arrhythmias	Nursing	NURSING	Nursing	Reuse
8	🚨 Emergency, Critical Care, and High-Acuity Nursing	Develop rapid assessment and priority care for life-threatening, acutely ill, multi-organ, high-acuity, and emergency situations emphasized in Nursing Practice V.	Neurologic Emergencies	Neurologic Emergencies and Acute Neurologic Nursing Care	Medical – Surgical Nursing	NURSING	Nursing	New
8	🚨 Emergency, Critical Care, and High-Acuity Nursing	Develop rapid assessment and priority care for life-threatening, acutely ill, multi-organ, high-acuity, and emergency situations emphasized in Nursing Practice V.	Acute GI, Endocrine, and Renal Emergencies	Acute Gastrointestinal, Endocrine, and Renal Emergencies	Medical – Surgical Nursing	NURSING	Nursing	New
8	🚨 Emergency, Critical Care, and High-Acuity Nursing	Develop rapid assessment and priority care for life-threatening, acutely ill, multi-organ, high-acuity, and emergency situations emphasized in Nursing Practice V.	Trauma and Environmental Emergencies	Trauma and Environmental Emergencies in Nursing Care	Medical – Surgical Nursing	NURSING	Nursing	New
8	🚨 Emergency, Critical Care, and High-Acuity Nursing	Develop rapid assessment and priority care for life-threatening, acutely ill, multi-organ, high-acuity, and emergency situations emphasized in Nursing Practice V.	High-Acuity Monitoring and Equipment	High-Acuity Monitoring, Life-Support Equipment, and Critical Care Nursing	Medical – Surgical Nursing	NURSING	Nursing	New
9	💊 Pharmacology, Medication Management, and Dosage Calculation	Build the medication knowledge repeatedly integrated across PNLE situations: pharmacokinetics and pharmacodynamics, drug classes, adverse effects, medication safety, high-alert medications, patient teaching, and dosage/infusion calculations.	Principles of Pharmacology	Preventing Medication Errors in Nursing Practice	Patient Safety	NURSING	Nursing	Reuse
9	💊 Pharmacology, Medication Management, and Dosage Calculation	Build the medication knowledge repeatedly integrated across PNLE situations: pharmacokinetics and pharmacodynamics, drug classes, adverse effects, medication safety, high-alert medications, patient teaching, and dosage/infusion calculations.	Principles of Pharmacology	Pharmacology Core Drug Classes and Nursing Responsibilities	Pharmacology	NURSING	Nursing	Reuse
9	💊 Pharmacology, Medication Management, and Dosage Calculation	Build the medication knowledge repeatedly integrated across PNLE situations: pharmacokinetics and pharmacodynamics, drug classes, adverse effects, medication safety, high-alert medications, patient teaching, and dosage/infusion calculations.	Principles of Pharmacology	Safe Medication Practices in Nursing	Pharmacology	NURSING	Nursing	Reuse
9	💊 Pharmacology, Medication Management, and Dosage Calculation	Build the medication knowledge repeatedly integrated across PNLE situations: pharmacokinetics and pharmacodynamics, drug classes, adverse effects, medication safety, high-alert medications, patient teaching, and dosage/infusion calculations.	Principles of Pharmacology	Drug Interactions and Contraindications	Clinical Pharmacy	NURSING	Pharmacy	Reuse
9	💊 Pharmacology, Medication Management, and Dosage Calculation	Build the medication knowledge repeatedly integrated across PNLE situations: pharmacokinetics and pharmacodynamics, drug classes, adverse effects, medication safety, high-alert medications, patient teaching, and dosage/infusion calculations.	Principles of Pharmacology	Pharmacodynamics: Agonists, Antagonists, and Receptors	Pharmacodynamics	NURSING	Pharmacy	Reuse
9	💊 Pharmacology, Medication Management, and Dosage Calculation	Build the medication knowledge repeatedly integrated across PNLE situations: pharmacokinetics and pharmacodynamics, drug classes, adverse effects, medication safety, high-alert medications, patient teaching, and dosage/infusion calculations.	Principles of Pharmacology	Pharmacokinetics: Drug Absorption, Distribution, Metabolism, and Excretion	Pharmacokinetics	NURSING	Pharmacy	Reuse
9	💊 Pharmacology, Medication Management, and Dosage Calculation	Build the medication knowledge repeatedly integrated across PNLE situations: pharmacokinetics and pharmacodynamics, drug classes, adverse effects, medication safety, high-alert medications, patient teaching, and dosage/infusion calculations.	Medication Administration and Safety	Medication Administration Rights in Nursing	Pharmacology	NURSING	Nursing	Existing
9	💊 Pharmacology, Medication Management, and Dosage Calculation	Build the medication knowledge repeatedly integrated across PNLE situations: pharmacokinetics and pharmacodynamics, drug classes, adverse effects, medication safety, high-alert medications, patient teaching, and dosage/infusion calculations.	Medication Administration and Safety	Medication Safety and Rights of Medication Administration in Nursing	Patient Safety	NURSING	Nursing	Reuse
9	💊 Pharmacology, Medication Management, and Dosage Calculation	Build the medication knowledge repeatedly integrated across PNLE situations: pharmacokinetics and pharmacodynamics, drug classes, adverse effects, medication safety, high-alert medications, patient teaching, and dosage/infusion calculations.	Medication Administration and Safety	Medication Safety and Patient Counseling	Pharmacy Practice	NURSING	Pharmacy	Reuse
9	💊 Pharmacology, Medication Management, and Dosage Calculation	Build the medication knowledge repeatedly integrated across PNLE situations: pharmacokinetics and pharmacodynamics, drug classes, adverse effects, medication safety, high-alert medications, patient teaching, and dosage/infusion calculations.	Medication Administration and Safety	Proper Use and Precautions of Over-the-Counter Drugs	Pharmacy Practice	NURSING	Pharmacy	Reuse
9	💊 Pharmacology, Medication Management, and Dosage Calculation	Build the medication knowledge repeatedly integrated across PNLE situations: pharmacokinetics and pharmacodynamics, drug classes, adverse effects, medication safety, high-alert medications, patient teaching, and dosage/infusion calculations.	Anti-Infective Pharmacology	Antibiotics: Mechanism of Action and Resistance	Pharmacology	NURSING	Pharmacy	Existing
9	💊 Pharmacology, Medication Management, and Dosage Calculation	Build the medication knowledge repeatedly integrated across PNLE situations: pharmacokinetics and pharmacodynamics, drug classes, adverse effects, medication safety, high-alert medications, patient teaching, and dosage/infusion calculations.	Anti-Infective Pharmacology	Antibiotic Classes in Pharmacology for Nursing	Pharmacology	NURSING	Nursing	Existing
9	💊 Pharmacology, Medication Management, and Dosage Calculation	Build the medication knowledge repeatedly integrated across PNLE situations: pharmacokinetics and pharmacodynamics, drug classes, adverse effects, medication safety, high-alert medications, patient teaching, and dosage/infusion calculations.	Cardiovascular and Hematologic Pharmacology	Pharmacological Management of Hypertension: Antihypertensive Drugs	Pharmacology	NURSING	Nursing	Existing
9	💊 Pharmacology, Medication Management, and Dosage Calculation	Build the medication knowledge repeatedly integrated across PNLE situations: pharmacokinetics and pharmacodynamics, drug classes, adverse effects, medication safety, high-alert medications, patient teaching, and dosage/infusion calculations.	Cardiovascular and Hematologic Pharmacology	Pharmacology and Clinical Application of Anticoagulants in Nursing Practice	Pharmacology	NURSING	Nursing	Existing
9	💊 Pharmacology, Medication Management, and Dosage Calculation	Build the medication knowledge repeatedly integrated across PNLE situations: pharmacokinetics and pharmacodynamics, drug classes, adverse effects, medication safety, high-alert medications, patient teaching, and dosage/infusion calculations.	Cardiovascular and Hematologic Pharmacology	Comparison of Common Anticoagulants in Nursing Pharmacology	Pharmacology	NURSING	Nursing	Reuse
9	💊 Pharmacology, Medication Management, and Dosage Calculation	Build the medication knowledge repeatedly integrated across PNLE situations: pharmacokinetics and pharmacodynamics, drug classes, adverse effects, medication safety, high-alert medications, patient teaching, and dosage/infusion calculations.	Endocrine Pharmacology	Pharmacology of Insulin: Types and Their Peak Action Times	Pharmacology	NURSING	Nursing	Existing
9	💊 Pharmacology, Medication Management, and Dosage Calculation	Build the medication knowledge repeatedly integrated across PNLE situations: pharmacokinetics and pharmacodynamics, drug classes, adverse effects, medication safety, high-alert medications, patient teaching, and dosage/infusion calculations.	Endocrine Pharmacology	Pharmacological Management of Diabetes	Pharmacology	NURSING	Nursing	Reuse
9	💊 Pharmacology, Medication Management, and Dosage Calculation	Build the medication knowledge repeatedly integrated across PNLE situations: pharmacokinetics and pharmacodynamics, drug classes, adverse effects, medication safety, high-alert medications, patient teaching, and dosage/infusion calculations.	Respiratory and Gastrointestinal Pharmacology	Respiratory and Gastrointestinal Pharmacology for Nursing	Pharmacology	NURSING	Nursing	New
9	💊 Pharmacology, Medication Management, and Dosage Calculation	Build the medication knowledge repeatedly integrated across PNLE situations: pharmacokinetics and pharmacodynamics, drug classes, adverse effects, medication safety, high-alert medications, patient teaching, and dosage/infusion calculations.	Pain, Neurologic, and Other Common Drug Classes	Opioid Medications and Safety Precautions in Nursing Practice	Pharmacology	NURSING	Nursing	Reuse
9	💊 Pharmacology, Medication Management, and Dosage Calculation	Build the medication knowledge repeatedly integrated across PNLE situations: pharmacokinetics and pharmacodynamics, drug classes, adverse effects, medication safety, high-alert medications, patient teaching, and dosage/infusion calculations.	Pain, Neurologic, and Other Common Drug Classes	Pharmacological Approaches to Pain Management in Nursing	Pharmacology	NURSING	Nursing	Reuse
9	💊 Pharmacology, Medication Management, and Dosage Calculation	Build the medication knowledge repeatedly integrated across PNLE situations: pharmacokinetics and pharmacodynamics, drug classes, adverse effects, medication safety, high-alert medications, patient teaching, and dosage/infusion calculations.	Psychiatric Pharmacology	Psychiatric Pharmacology: Major Drug Classes and Nursing Responsibilities	Pharmacology	NURSING	Nursing	New
9	💊 Pharmacology, Medication Management, and Dosage Calculation	Build the medication knowledge repeatedly integrated across PNLE situations: pharmacokinetics and pharmacodynamics, drug classes, adverse effects, medication safety, high-alert medications, patient teaching, and dosage/infusion calculations.	High-Alert Medications, Toxicities, and Antidotes	Common Drug Toxicities in Nursing Pharmacology	Pharmacology	NURSING	Nursing	Existing
9	💊 Pharmacology, Medication Management, and Dosage Calculation	Build the medication knowledge repeatedly integrated across PNLE situations: pharmacokinetics and pharmacodynamics, drug classes, adverse effects, medication safety, high-alert medications, patient teaching, and dosage/infusion calculations.	High-Alert Medications, Toxicities, and Antidotes	Adverse Drug Reactions in Clinical Nursing Practice	Pharmacology	NURSING	Nursing	Existing
9	💊 Pharmacology, Medication Management, and Dosage Calculation	Build the medication knowledge repeatedly integrated across PNLE situations: pharmacokinetics and pharmacodynamics, drug classes, adverse effects, medication safety, high-alert medications, patient teaching, and dosage/infusion calculations.	High-Alert Medications, Toxicities, and Antidotes	High Alert Medications in Nursing Pharmacology	Pharmacology	NURSING	Nursing	Reuse
9	💊 Pharmacology, Medication Management, and Dosage Calculation	Build the medication knowledge repeatedly integrated across PNLE situations: pharmacokinetics and pharmacodynamics, drug classes, adverse effects, medication safety, high-alert medications, patient teaching, and dosage/infusion calculations.	High-Alert Medications, Toxicities, and Antidotes	High Alert Medications in Nursing Practice	Pharmacology	(unset)	Nursing	Excluded
9	💊 Pharmacology, Medication Management, and Dosage Calculation	Build the medication knowledge repeatedly integrated across PNLE situations: pharmacokinetics and pharmacodynamics, drug classes, adverse effects, medication safety, high-alert medications, patient teaching, and dosage/infusion calculations.	Dosage, IV, and Infusion Calculations	Dosage Calculations and Concentration Problems	Pharmaceutical Calculations	NURSING	Pharmacy	Existing
